{"sample_tokens":660169,"_wandb":{"runtime":2924},"sample_bert_f1":0.898688579024981,"_timestamp":1.773343089490145e+09,"turn_tokens":620,"cumulative_tokens":317555,"final_bert_f1":0.898688579024981,"final_f1":0.307020181629447,"_step":419,"store_size":413,"_runtime":2923.564738,"routing_skip_pct":1.431980906921241,"total_tokens":660169,"turn_latency_ms":2753.6511421203613,"sample_f1":0.307020181629447}